rank,path,similarity_percent,local_lines,published_lines,normalized_hash_equal
1,systems/MapAffixSystem.lua,100.000000000,577,577,true
2,systems/BattleDiag.lua,100.000000000,331,331,true
3,shared/dungeon/DungeonCompat.lua,100.000000000,131,131,true
4,shared/heroes/HeroResonance.lua,100.000000000,61,61,true
5,shared/task/TaskCompat.lua,100.000000000,49,49,true
6,config/GameEvents.lua,100.000000000,45,45,true
7,core/EventBus.lua,100.000000000,42,42,true
8,shared/StageUtils.lua,100.000000000,39,39,true
9,shared/market/StellarDiamondQuota.lua,100.000000000,29,29,true
10,nvg_overrides.d.lua,100.000000000,17,17,true
11,config/IdleIncomeConfig.lua,99.943883277,1782,1782,false
12,systems/TowerBuffRuntime.lua,99.842271293,634,634,false
13,config/MapAffixConfig.lua,99.395770393,662,662,false
14,shared/battle/BattleSchema.lua,99.065420561,107,107,false
15,config/StageConfig.lua,98.787492023,786,781,false
16,systems/GachaSystem.lua,98.761061947,283,282,false
17,shared/equipment/EquipmentSchema.lua,98.591549296,71,71,false
18,shared/profile/ProfileSchema.lua,98.591549296,71,71,false
19,systems/ButtonFeedback.lua,98.360655738,154,151,false
20,shared/artifact/ArtifactDefs.lua,98.260869565,460,460,false
21,shared/dungeon/DungeonSchema.lua,98.000000000,50,50,false
22,shared/signin/SigninSchema.lua,98.000000000,50,50,false
23,shared/signin/SignInConfig.lua,97.816593886,228,230,false
24,shared/tavern/TavernSchema.lua,97.619047619,42,42,false
25,systems/DropSystem.lua,97.155361050,233,224,false
26,shared/task/TaskSchema.lua,96.969696970,33,33,false
27,systems/GameBGM.lua,96.943231441,230,228,false
28,shared/talents/TalentsSchema.lua,96.703296703,46,45,false
29,config/UrGachaConfig.lua,96.666666667,243,237,false
30,systems/CombatFormula.lua,96.558505408,524,493,false
31,shared/session/SessionSchema.lua,96.103896104,39,38,false
32,config/ArtifactAssetUtil.lua,96.062992126,126,128,false
33,shared/redeem/RedeemSchema.lua,95.833333333,24,24,false
34,shared/currency/CurrencySchema.lua,95.813953488,106,109,false
35,systems/ArtifactBridge.lua,95.601173021,172,169,false
36,shared/schemas/CharacterSchema.lua,94.915254237,172,182,false
37,shared/slotenhance/SlotEnhanceSchema.lua,94.594594595,37,37,false
38,config/TowerConfig.lua,94.565217391,276,276,false
39,core/NumberUtil.lua,94.366197183,71,71,false
40,shared/quota/QuotaConsts.lua,94.285714286,67,73,false
41,shared/quota/QuotaSchema.lua,93.939393939,33,33,false
42,systems/TalentEffect.lua,93.264248705,397,375,false
43,systems/AttributeDef.lua,92.051030422,520,499,false
44,systems/UnitAttributes.lua,91.458153581,618,541,false
45,shared/player/PlayerSchema.lua,91.139240506,39,40,false
46,shared/Protocol.lua,90.949227373,217,236,false
47,systems/OfflineCalc.lua,90.925266904,573,551,false
48,systems/GameSFX.lua,90.376569038,251,227,false
49,config/MonsterConfig.lua,90.268656716,843,832,false
50,config/AffixConfig.lua,89.944134078,191,167,false
51,shared/lootbox/LootboxSchema.lua,89.855072464,35,34,false
52,systems/ArtifactRuntime.lua,89.678510998,308,283,false
53,shared/ModuleRegistry.lua,89.593383873,701,750,false
54,systems/StatusEffectManager.lua,88.540031397,323,314,false
55,core/GameState.lua,87.947269303,556,506,false
56,config/GameConfig.lua,87.866108787,124,115,false
57,shared/AnnouncementConfig.lua,87.677725118,211,211,false
58,config/ExpTable.lua,86.964285714,601,519,false
59,systems/RelicConditionHandler.lua,86.180904523,439,357,false
60,config/ResourceDefs.lua,84.676145340,314,319,false
61,systems/ThreatManager.lua,80.792682927,328,328,false
62,config/DungeonIdleConfig.lua,80.658436214,134,109,false
